send_status,company,domain,email,contact_name,role,subject,body,word_count,reason_to_write,personalization_basis,evidence_urls,company_id,contact_id,score_id
draft,Tasklet,tasklet.ai,andrew@tasklet.ai,Andrew,CEO,Quick thought on agent workflow integrations,"Hi Andrew,

I saw Tasklet is hiring. Your site says: Accelerate your entire company with AI agents you can delegate real work to. That usually means there is approved work waiting on capacity.

Void helps teams ship backend integrations, internal tools, and automation support without waiting on every full-time hire.

Worth sending 2-3 concrete ways we could reduce the load around agent workflow integrations?

Best,
Orgho",66,Tasklet posted in Ask HN: Who is hiring? (August 2026).,"positioning: Accelerate your entire company with AI agents you can delegate real work to | tech: ai, api, automation, cloud, data | fit: Accelerate your entire company with AI agents you can delegate real work to",https://news.ycombinator.com/item?id=49159942,39358f97-7f35-4a58-9126-3f64ae24df97,41465dc1-7a1b-4162-9bf4-3060cc5833d2,dc505499-3952-4b0e-8bb8-13098ac20544
draft,Harmony AI,tryharmony.ai,george@tryharmony.ai,George,,Quick thought on plant workflow and systems integration,"Hi George,

I saw Harmony AI is hiring. Your site says: AI Automation for Manufacturing. Harmony AI is an AI-native layer that runs your plant with real time data. Machines, software, and paperwork, all connected. That usually means there is approved work waiting on capacity.

Void helps teams ship backend integrations, internal tools, and automation support without waiting on every full-time hire.

Worth sending 2-3 concrete ways we could reduce the load around plant workflow and systems integration?

Best,
Orgho",80,Harmony AI posted in Ask HN: Who is hiring? (August 2026).,"positioning: AI Automation for Manufacturing. Harmony AI is an AI-native layer that runs your plant with real time data | tech: ai, automation, data, integration, workflow | fit: We're Hiring! →",https://news.ycombinator.com/item?id=49163301,f7a81e8d-180f-49f3-857c-52fb586547fb,e10a0989-3d9f-4d19-86c8-185c7c4a6446,f1c71021-0dd9-483a-addb-a7c23933ba78
draft,Performance,performance.fyi,greg@performance.fyi,Greg,,Quick thought on decision and performance systems,"Hi Greg,

I saw Performance is hiring. Your site says: Performance.FYI grades how your organization actually makes decisions: how goals are set, feedback is given, and performance drives outcomes. That usually means there is approved work waiting on capacity.

Void helps teams ship backend integrations, internal tools, and automation support without waiting on every full-time hire.

Worth sending 2-3 concrete ways we could reduce the load around decision and performance systems?

Best,
Orgho",74,Performance posted in Ask HN: Who is hiring? (August 2026).,"positioning: Performance.FYI grades how your organization actually makes decisions: how goals are set, feedback is given, and performance drives | tech: ai | fit: performance.fyi/dashboard",https://news.ycombinator.com/item?id=49164538,bdb8db85-3757-499c-a2a2-ef085ffe8b3e,990eb7a1-691e-4d9b-9479-367ee5922312,69dbda55-22c7-4936-ac91-8650bb6df495
