review_status,suggested_decision,candidate_quality,priority_rank,review_notes,company,company_domain,full_name,role,email,source_url,source_excerpt,reason_to_write,evidence_urls,score,candidate_type,is_generic_email,is_company_domain_email,has_name_evidence,has_role_evidence,confidence,provider_name,extraction,record_type,company_id
,review,generic_company_domain,80,,Senzing,senzing.com,,,enghiring@senzing.com,https://news.ycombinator.com/item?id=49156737,Self-published hiring contact in Ask HN: Who is hiring?,"5 relevant roles appeared within 30 days: Product, Data Quality & Accuracy, Data Providers, Developer Hub, Senzing-Ready Data CORDs.",https://senzing.com/senzing-api/,80,self_published_hiring_contact,True,True,False,True,0.7,hn_self_published,regex_email_from_hn_comment,contact_candidate,1bcf1171-b46c-4b7c-aa67-05cbdd6c1085
,approve,personal_company_domain,79,,Storepass,storepass.co,,,trent@storepass.co,https://news.ycombinator.com/item?id=49163131,Self-published hiring contact in Ask HN: Who is hiring?,Product Catalog suggests internal tooling or operations software need: automation.,https://storepass.co/features/product-catalog,79,self_published_hiring_contact,False,True,False,True,0.9,hn_self_published,regex_email_from_hn_comment,contact_candidate,3c9e6b93-db5e-4cc0-bafe-04675ba7da74
,review,generic_company_domain,61,,Starbridge,starbridge.ai,,,recruiting@starbridge.ai,https://news.ycombinator.com/item?id=49157646,Self-published hiring contact in Ask HN: Who is hiring?,AI Engineer | NYC role appears open for 302 days.,https://jobs.ashbyhq.com/starbridge/117e56db-e1b7-4f83-bc18-44af88efa04e,61,self_published_hiring_contact,True,True,False,True,0.7,hn_self_published,regex_email_from_hn_comment,contact_candidate,04f90999-f9cb-425c-a71c-e3707948dc6a
,approve,personal_company_domain,61,,FurtherAI,furtherai.com,,,sg+hn@furtherai.com,https://news.ycombinator.com/item?id=49162833,Self-published hiring contact in Ask HN: Who is hiring?,Forward Deployed Engineer role appears open for 99 days.,https://jobs.ashbyhq.com/furtherai/d2fb3438-c7ca-469a-81c7-d98cea49b0d2,61,self_published_hiring_contact,False,True,False,True,0.9,hn_self_published,regex_email_from_hn_comment,contact_candidate,9797c69a-6860-49c0-abcc-4d6412042e6b
,review,generic_company_domain,52,,Kinelo,kinelo.com,,,jobs@kinelo.com,https://news.ycombinator.com/item?id=49162608,Self-published hiring contact in Ask HN: Who is hiring?,Senior/ Staff Software Engineer role appears open for 140 days.,https://job-boards.greenhouse.io/kinelo/jobs/4205846009,52,self_published_hiring_contact,True,True,False,True,0.7,hn_self_published,regex_email_from_hn_comment,contact_candidate,61fa7b60-e83e-4ea3-9018-4ead448be532
,review,generic_company_domain,46,,Octozi,octozi.com,,,careers+hn@octozi.com,https://news.ycombinator.com/item?id=49162990,Self-published hiring contact in Ask HN: Who is hiring?,Platform suggests internal tooling or operations software need: platform.,https://octozi.com/#platform,46,self_published_hiring_contact,True,True,False,True,0.7,hn_self_published,regex_email_from_hn_comment,contact_candidate,2df84955-47ff-4a77-b574-55146d15794b
,approve,personal_company_domain,40,,Tasklet,tasklet.ai,,,andrew@tasklet.ai,https://news.ycombinator.com/item?id=49159942,Self-published hiring contact in Ask HN: Who is hiring?,Tasklet published this address in Ask HN: Who is hiring?,https://news.ycombinator.com/item?id=49159942,40,self_published_hiring_contact,False,True,False,False,0.9,hn_self_published,regex_email_from_hn_comment,contact_candidate,39358f97-7f35-4a58-9126-3f64ae24df97
,approve,personal_company_domain,37,,Snout,snout.com,,,kyle@snout.com,https://news.ycombinator.com/item?id=49156689,Self-published hiring contact in Ask HN: Who is hiring?,Snout published this address in Ask HN: Who is hiring?,https://news.ycombinator.com/item?id=49156689,37,self_published_hiring_contact,False,True,False,False,0.9,hn_self_published,regex_email_from_hn_comment,contact_candidate,0a97f5f3-d5ba-4111-b6ba-888499f9b312
,review,off_domain,34,email domain klutchlabs.ai != company domain klutch.ai,Klutch AI (,klutch.ai,,,careers@klutchlabs.ai,https://news.ycombinator.com/item?id=49159064,Self-published hiring contact in Ask HN: Who is hiring?,Klutch AI ( published this address in Ask HN: Who is hiring?,https://news.ycombinator.com/item?id=49159064,34,self_published_hiring_contact,True,False,False,False,0.7,hn_self_published,regex_email_from_hn_comment,contact_candidate,3c0d1feb-0bce-4227-951d-be60f87d783e
,review,off_domain,34,email domain vitalize.care != company domain e.g,Vitalize,e.g,,,mark@vitalize.care,https://news.ycombinator.com/item?id=49158552,Self-published hiring contact in Ask HN: Who is hiring?,Vitalize published this address in Ask HN: Who is hiring?,https://news.ycombinator.com/item?id=49158552,34,self_published_hiring_contact,False,False,False,False,0.7,hn_self_published,regex_email_from_hn_comment,contact_candidate,58f1795c-c8b2-4e08-acb9-4a63832b390d
,review,off_domain,34,email domain kyra.health != company domain engineering.kyra.health,Kyra Health,engineering.kyra.health,,,n@kyra.health,https://news.ycombinator.com/item?id=49156819,Self-published hiring contact in Ask HN: Who is hiring?,Kyra Health published this address in Ask HN: Who is hiring?,https://news.ycombinator.com/item?id=49156819,34,self_published_hiring_contact,False,False,False,False,0.7,hn_self_published,regex_email_from_hn_comment,contact_candidate,cd0a7064-0cda-448e-987d-ac86648524cf
,review,off_domain,25,email domain atria.org != company domain share.atria.org,Atria,share.atria.org,,,hackernewshiring@atria.org,https://news.ycombinator.com/item?id=49160086,Self-published hiring contact in Ask HN: Who is hiring?,Atria published this address in Ask HN: Who is hiring?,https://news.ycombinator.com/item?id=49160086,25,self_published_hiring_contact,True,False,False,False,0.7,hn_self_published,regex_email_from_hn_comment,contact_candidate,a2a82d97-04b3-4a4a-a308-106cafa03c28
,review,generic_company_domain,25,,Diffusion,diffusion.io,,,hello@diffusion.io,https://news.ycombinator.com/item?id=49160628,Self-published hiring contact in Ask HN: Who is hiring?,Diffusion published this address in Ask HN: Who is hiring?,https://news.ycombinator.com/item?id=49160628,25,self_published_hiring_contact,True,True,False,False,0.7,hn_self_published,regex_email_from_hn_comment,contact_candidate,917b44da-3d41-4989-adfd-488b47bfe21f
,approve,personal_company_domain,25,,Marple,marpledata.com,,,nero@marpledata.com,https://news.ycombinator.com/item?id=49157080,Self-published hiring contact in Ask HN: Who is hiring?,Marple published this address in Ask HN: Who is hiring?,https://news.ycombinator.com/item?id=49157080,25,self_published_hiring_contact,False,True,False,False,0.9,hn_self_published,regex_email_from_hn_comment,contact_candidate,e07ebeaa-642f-4747-9e38-24d0da955e7b
,approve,personal_company_domain,25,,Chainguard,chainguard.dev,,,patrick@chainguard.dev,https://news.ycombinator.com/item?id=49164297,Self-published hiring contact in Ask HN: Who is hiring?,Chainguard published this address in Ask HN: Who is hiring?,https://news.ycombinator.com/item?id=49164297,25,self_published_hiring_contact,False,True,False,False,0.9,hn_self_published,regex_email_from_hn_comment,contact_candidate,22dc0f18-6de9-4351-8b83-5c3f06a03286
,review,generic_company_domain,23,,Phaselaw,phase.law,,,hn@phase.law,https://news.ycombinator.com/item?id=49163946,Self-published hiring contact in Ask HN: Who is hiring?,Phaselaw published this address in Ask HN: Who is hiring?,https://news.ycombinator.com/item?id=49163946,23,self_published_hiring_contact,True,True,False,False,0.7,hn_self_published,regex_email_from_hn_comment,contact_candidate,f7629e25-0a28-4d9d-8703-e4db848720e9
,approve,personal_company_domain,23,,Role: Engineering Manager,histowiz.com,,,jeff+hn@histowiz.com,https://news.ycombinator.com/item?id=49157505,Self-published hiring contact in Ask HN: Who is hiring?,Role: Engineering Manager published this address in Ask HN: Who is hiring?,https://news.ycombinator.com/item?id=49157505,23,self_published_hiring_contact,False,True,False,False,0.9,hn_self_published,regex_email_from_hn_comment,contact_candidate,01031602-2257-4070-80ca-c3210b94ef60
,review,generic_company_domain,23,,BASE16,base16.fr,,,jobs@base16.fr,https://news.ycombinator.com/item?id=49162696,Self-published hiring contact in Ask HN: Who is hiring?,BASE16 published this address in Ask HN: Who is hiring?,https://news.ycombinator.com/item?id=49162696,23,self_published_hiring_contact,True,True,False,False,0.7,hn_self_published,regex_email_from_hn_comment,contact_candidate,a60bc4f3-d090-40d3-8342-190fe766ef5c
,review,generic_company_domain,23,,Detections.ai,detections.ai,,,jobs@detections.ai,https://news.ycombinator.com/item?id=49163907,Self-published hiring contact in Ask HN: Who is hiring?,Detections.ai published this address in Ask HN: Who is hiring?,https://news.ycombinator.com/item?id=49163907,23,self_published_hiring_contact,True,True,False,False,0.7,hn_self_published,regex_email_from_hn_comment,contact_candidate,c2d93351-28dc-4a87-a5f7-f51917b129f2
,review,off_domain,23,email domain deepsight.com != company domain deepsightinc.applicantpro.com,DeepSight Technology,deepsightinc.applicantpro.com,,,reverly@deepsight.com,https://news.ycombinator.com/item?id=49157959,Self-published hiring contact in Ask HN: Who is hiring?,DeepSight Technology published this address in Ask HN: Who is hiring?,https://news.ycombinator.com/item?id=49157959,23,self_published_hiring_contact,False,False,False,False,0.7,hn_self_published,regex_email_from_hn_comment,contact_candidate,bc49324f-56fe-4da0-990c-62181bada0e1
,approve,personal_company_domain,16,,Radical Numerics,radicalnumerics.ai,,,heather@radicalnumerics.ai,https://news.ycombinator.com/item?id=49159996,Self-published hiring contact in Ask HN: Who is hiring?,Head of Data Acquisition role appears open for 154 days.,https://jobs.ashbyhq.com/radical-numerics/5ff66f07-d655-4e86-8600-0647705c99d5,16,self_published_hiring_contact,False,True,False,True,0.9,hn_self_published,regex_email_from_hn_comment,contact_candidate,b0a9fe9a-f958-4716-9dc3-e1b0a0b2e276
,approve,personal_company_domain,16,,DualEntry,dualentry.com,,,ivanc@dualentry.com,https://news.ycombinator.com/item?id=49159519,Self-published hiring contact in Ask HN: Who is hiring?,Engineering Manager (NYC) role appears open for 152 days.,https://jobs.ashbyhq.com/dualentry/9b9e64a2-e7bf-47f7-9be7-5cd0f4c7177d,16,self_published_hiring_contact,False,True,False,True,0.9,hn_self_published,regex_email_from_hn_comment,contact_candidate,db7e5a9d-5d5a-4a1d-899c-512b989f9c6a
